{"frame0025.jpg": [[552.910569105691, 352.9918699186992, 578.9268292682926, 412.3414634146342], [596.0, 371.6910569105691, 620.390243902439, 410.7154471544716], [650.4715447154472, 329.4146341463415, 684.6178861788618, 413.1544715447155], [727.7073170731708, 330.2276422764228, 765.1056910569106, 412.3414634146342], [700.0650406504066, 378.1951219512195, 717.1382113821138, 405.0243902439025], [720.390243902439, 369.2520325203252, 740.7154471544716, 411.5284552845529], [769.170731707317, 339.1707317073171, 804.130081300813, 415.5934959349594], [797.6260162601626, 337.5447154471545, 823.6422764227642, 409.9024390243903], [826.0813008130082, 331.0406504065041, 840.7154471544716, 408.2764227642277], [834.2113821138212, 329.4146341463415, 863.479674796748, 413.9674796747968], [852.910569105691, 322.9105691056911, 882.178861788618, 408.2764227642277], [886.2439024390244, 321.2845528455285, 926.0813008130082, 409.089430894309], [967.5447154471544, 310.7154471544716, 1009.8211382113822, 402.5853658536585], [1095.1869918699188, 289.5772357723577, 1151.2845528455284, 404.2113821138212]], "frame0082-per.jpg": [[631.7723577235772, 358.6829268292683, 654.5365853658536, 400.9593495934959], [672.4227642276422, 357.869918699187, 688.6829268292684, 399.3333333333333], [723.6422764227642, 363.5609756097561, 740.7154471544716, 398.520325203252], [840.7154471544716, 350.5528455284553, 866.7317073170732, 396.0813008130081], [777.3008130081301, 393.6422764227642, 761.8536585365854, 366.0], [748.0325203252032, 366.8130081300813, 761.8536585365854, 392.8292682926829], [737.4634146341464, 366.8130081300813, 751.2845528455284, 397.7073170731707]]}