{"frame0090-car.jpg": [[608.1951219512196, 173.3170731707317, 1161.8536585365853, 405.0243902439025], [899.2520325203252, 236.7317073170732, 1196.8130081300812, 395.2682926829268]], "frame0074-car.jpg": [[35.02439024390244, 398.520325203252, 0, 365]]}